submission_id,age,choice1,choice2,choiceNameFirst,comments,condition,education,experiment_duration,experiment_end_time,experiment_start_time,gender,languages,name1,name2,prolific_pid,prolific_session_id,prolific_study_id,prompt,response,responseTime,trialNR
981,32,Rebosen causes Flembers.,Flembers causes Rebosen.,Rebosen,,symmetric,Higher degree,105712,1704725988940,1704725883228,female,Igbo and english,Flembers,Rebosen,611bea562af09af0262b97bb,659c0d705baa2a6025fa6af4,659c0a8fa416f7f903ea0d6a,Flembers and Rebosen are associated.,Rebosen causes Flembers.,53310,0
982,30,Themaglin causes Rebosen.,Rebosen causes Themaglin.,Themaglin,,symmetric,Graduated College,37639,1704726004398,1704725966759,female,English,Rebosen,Themaglin,62ce9896add904c5c58f358c,659c0dc82ebd1a9176b44d5f,659c0a8fa416f7f903ea0d6a,Rebosen and Themaglin are associated.,Rebosen causes Themaglin.,16304,0
984,32,Themaglin causes Ceflar.,Ceflar causes Themaglin.,Themaglin,,symmetric,Graduated High-school,35976,1704726006855,1704725970879,male,English,Themaglin,Ceflar,640eed41ed549edebea0645b,659c0dcc7897a8698d4d7502,659c0a8fa416f7f903ea0d6a,Themaglin and Ceflar are associated.,Themaglin causes Ceflar.,9567,0
985,54,Denoden causes Themaglin.,Themaglin causes Denoden.,Denoden,,symmetric,Graduated College,44182,1704726010882,1704725966700,female,English,Themaglin,Denoden,5a59c1dfeedc32000142835a,659c0dc5b93016ada6740b63,659c0a8fa416f7f903ea0d6a,Themaglin and Denoden are associated.,Themaglin causes Denoden.,15669,0
986,29,Denoden causes Flembers.,Flembers causes Denoden.,Denoden,,symmetric,Higher degree,42564,1704726012684,1704725970120,female,English,Denoden,Flembers,5a8317fa17ef35000170780a,659c0dcbf764818aebc5691c,659c0a8fa416f7f903ea0d6a,Denoden and Flembers are associated.,Denoden causes Flembers.,17375,0
987,29,Flembers causes Denoden.,Denoden causes Flembers.,Flembers,,asymmetric,Graduated College,74930,1704726013073,1704725938143,female,english,Denoden,Flembers,61443f2fdf52708c67cdb465,659c0da73f126e8bfa664271,659c0a8fa416f7f903ea0d6a,Denoden is associated with Flembers.,Flembers causes Denoden.,21535,0
914,27,Denoden causes Ceflar.,Ceflar causes Denoden.,Denoden,,asymmetric,Graduated College,47432,1704725351870,1704725304438,female,English,Denoden,Ceflar,5dd59a3786411b56310c1b71,659c0b3282c311db92c0e416,659c0a8fa416f7f903ea0d6a,Denoden is associated with Ceflar.,Ceflar causes Denoden.,18614,0
915,44,Ceflar causes Denoden.,Denoden causes Ceflar.,Ceflar,None,asymmetric,Graduated High-school,43882,1704725384980,1704725341098,female,English ,Denoden,Ceflar,5d4c28e28f11b70015ba045f,659c0b55d0e2e7e9f9c5684f,659c0a8fa416f7f903ea0d6a,Denoden is associated with Ceflar.,Denoden causes Ceflar.,14981,0
916,48,Flembers causes Denoden.,Denoden causes Flembers.,Flembers,,asymmetric,Graduated College,52987,1704725399317,1704725346330,female,English,Flembers,Denoden,5ea3be1ded317135414dceff,659c0b50a89f40a072fe348c,659c0a8fa416f7f903ea0d6a,Flembers is associated with Denoden.,Denoden causes Flembers.,15350,0
917,34,Themaglin causes Agoriv.,Agoriv causes Themaglin.,Themaglin,,asymmetric,Graduated College,28839,1704725396637,1704725367798,female,English,Themaglin,Agoriv,5ebeb430b3bf7e087412aefc,659c0b7429c928a7e3c0e3ea,659c0a8fa416f7f903ea0d6a,Themaglin is associated with Agoriv.,Agoriv causes Themaglin.,12185,0
918,24,Rebosen causes Denoden.,Denoden causes Rebosen.,Rebosen,,asymmetric,Graduated High-school,50522,1704725418019,1704725367497,male,English,Rebosen,Denoden,5ea349cd8715f00e31fa31da,659c0b6f29c928a7e3c0e3e9,659c0a8fa416f7f903ea0d6a,Rebosen is associated with Denoden.,Denoden causes Rebosen.,19983,0
919,23,Rebosen causes Themaglin.,Themaglin causes Rebosen.,Rebosen,,symmetric,Higher degree,36086,1704725427781,1704725391695,female,English ,Rebosen,Themaglin,60ef590e0650c976c1b954a1,659c0b8aebb98ed433d5d020,659c0a8fa416f7f903ea0d6a,Rebosen and Themaglin are associated.,Rebosen causes Themaglin.,10432,0
920,36,Ceflar causes Flembers.,Flembers causes Ceflar.,Ceflar,,symmetric,Graduated College,24423,1704725435730,1704725411307,female,English,Ceflar,Flembers,6441071db76c204f70e132fc,659c0b9f7bc797071a0b9bfd,659c0a8fa416f7f903ea0d6a,Ceflar and Flembers are associated.,Flembers causes Ceflar.,10622,0
921,36,Denoden causes Ceflar.,Ceflar causes Denoden.,Denoden,,asymmetric,Graduated College,18162,1704725467237,1704725449075,female,English,Ceflar,Denoden,6441071db76c204f70e132fc,659c0b9f7bc797071a0b9bfd,659c0a8fa416f7f903ea0d6a,Ceflar is associated with Denoden.,Ceflar causes Denoden.,5872,0
922,21,Flembers causes Agoriv.,Agoriv causes Flembers.,Flembers,,symmetric,Graduated College,34938,1704725512682,1704725477744,female,English,Agoriv,Flembers,5f47b104733d7f1c4969485d,659c0bdfff3704db26c89608,659c0a8fa416f7f903ea0d6a,Agoriv and Flembers are associated.,Agoriv causes Flembers.,14311,0
923,35,Themaglin causes Agoriv.,Agoriv causes Themaglin.,Themaglin,,symmetric,Higher degree,55124,1704727161570,1704727106446,female,ENGLISH,Themaglin,Agoriv,615fe18c74ec001e9d32585c,659c0bda590d61bf7d9700e6,659c0a8fa416f7f903ea0d6a,Themaglin and Agoriv are associated.,Themaglin causes Agoriv.,33728,0
924,36,Rebosen causes Ceflar.,Ceflar causes Rebosen.,Rebosen,n/a,asymmetric,Graduated High-school,26144,1704725529579,1704725503435,other,English,Ceflar,Rebosen,59a1e22bfc15d200014ba09a,659c0bf7d2be7902b8d1be21,659c0a8fa416f7f903ea0d6a,Ceflar is associated with Rebosen.,Ceflar causes Rebosen.,7845,0
925,32,Denoden causes Ceflar.,Ceflar causes Denoden.,Denoden,thanks for having me,asymmetric,Higher degree,56922,1704725541297,1704725484375,female,english,Denoden,Ceflar,60362aeb3a892b0297b116da,659c0be4d2be7902b8d1be1e,659c0a8fa416f7f903ea0d6a,Denoden is associated with Ceflar.,Denoden causes Ceflar.,17210,0
926,26,Ceflar causes Themaglin.,Themaglin causes Ceflar.,Ceflar,,symmetric,Higher degree,163227,1704725541144,1704725377917,female,English,Ceflar,Themaglin,6130db53a8123c2c3700f988,659c0b6b7383f7025d64687a,659c0a8fa416f7f903ea0d6a,Ceflar and Themaglin are associated.,Ceflar causes Themaglin.,142096,0
927,56,Ceflar causes Themaglin.,Themaglin causes Ceflar.,Ceflar,,asymmetric,Graduated High-school,75500,1704725558612,1704725483112,female,English,Themaglin,Ceflar,5f0c40e8da288357e5f571d4,659c0bdb51d2e752cf4b6b9e,659c0a8fa416f7f903ea0d6a,Themaglin is associated with Ceflar.,Ceflar causes Themaglin.,38941,0
928,31,Themaglin causes Ceflar.,Ceflar causes Themaglin.,Themaglin,,symmetric,Higher degree,38705,1704725578413,1704725539708,female,English,Themaglin,Ceflar,6086a6bd99f215799dbbae97,659c0c2063a4502f8edee4ca,659c0a8fa416f7f903ea0d6a,Themaglin and Ceflar are associated.,Themaglin causes Ceflar.,15079,0
929,36,Flembers causes Denoden.,Denoden causes Flembers.,Flembers,,symmetric,Higher degree,49079,1704725611590,1704725562511,female,english,Flembers,Denoden,5995b226cf1d1700016efbc1,659c0c34d07ef99f53f67b2b,659c0a8fa416f7f903ea0d6a,Flembers and Denoden are associated.,Denoden causes Flembers.,22284,0
930,39,Agoriv causes Denoden.,Denoden causes Agoriv.,Agoriv,,asymmetric,Graduated High-school,43562,1704725663732,1704725620170,female,English,Denoden,Agoriv,5d7d75f4ea2fe40001dff5a4,659c0c485268355b1056e3fb,659c0a8fa416f7f903ea0d6a,Denoden is associated with Agoriv.,Agoriv causes Denoden.,21527,0
931,53,Denoden causes Themaglin.,Themaglin causes Denoden.,Denoden,,symmetric,Graduated College,72558,1704725629488,1704725556930,female,English,Denoden,Themaglin,5dbf09120f73cf3b21b5711c,659c0be7cd32cc3f73affc36,659c0a8fa416f7f903ea0d6a,Denoden and Themaglin are associated.,Denoden causes Themaglin.,42271,0
932,31,Agoriv causes Flembers.,Flembers causes Agoriv.,Agoriv,,symmetric,Higher degree,32539,1704725638421,1704725605882,female,english,Agoriv,Flembers,63ced4d39802ed6169bd9f2b,659c0c5fc973ea364d1242b8,659c0a8fa416f7f903ea0d6a,Agoriv and Flembers are associated.,Agoriv causes Flembers.,16143,0
933,31,Flembers causes Agoriv.,Agoriv causes Flembers.,Flembers,,asymmetric,Higher degree,12456,1704725671049,1704725658593,female,english,Flembers,Agoriv,63ced4d39802ed6169bd9f2b,659c0c5fc973ea364d1242b8,659c0a8fa416f7f903ea0d6a,Flembers is associated with Agoriv.,Flembers causes Agoriv.,1147,0
934,36,Rebosen causes Flembers.,Flembers causes Rebosen.,Rebosen,I didnâ€™t think either were likely but went with the same word order,symmetric,Graduated College,52309,1704725673496,1704725621187,female,English,Rebosen,Flembers,5851a8a071a3ef0001cc9283,659c0c42a416f7f903ea0dfb,659c0a8fa416f7f903ea0d6a,Rebosen and Flembers are associated.,Rebosen causes Flembers.,17117,0
935,31,Rebosen causes Agoriv.,Agoriv causes Rebosen.,Rebosen,,symmetric,Higher degree,52190,1704725678559,1704725626369,female,English ,Agoriv,Rebosen,5c57875154f9d30001dbb4ba,659c0c74590d61bf7d970115,659c0a8fa416f7f903ea0d6a,Agoriv and Rebosen are associated.,Rebosen causes Agoriv.,30941,0
936,40,Denoden causes Themaglin.,Themaglin causes Denoden.,Denoden,,symmetric,Higher degree,63886,1704725682405,1704725618519,male,English ,Denoden,Themaglin,63e52315e958670a256c0bcd,659c0c6a07e473647bfa0276,659c0a8fa416f7f903ea0d6a,Denoden and Themaglin are associated.,Themaglin causes Denoden.,40082,0
937,51,Denoden causes Rebosen.,Rebosen causes Denoden.,Denoden,none,asymmetric,Graduated High-school,52352,1704725712801,1704725660449,female,English,Denoden,Rebosen,57d02eeec6c5ed00013fac58,659c0c910a3824c30624b995,659c0a8fa416f7f903ea0d6a,Denoden is associated with Rebosen.,Denoden causes Rebosen.,23112,0
938,50,Rebosen causes Ceflar.,Ceflar causes Rebosen.,Rebosen,,symmetric,Graduated High-school,105268,1704725727128,1704725621860,male,English ,Ceflar,Rebosen,63db6b2b896dd658485a2d19,659c0c6af4b22fa3bbfa02ca,659c0a8fa416f7f903ea0d6a,Ceflar and Rebosen are associated.,Rebosen causes Ceflar.,59843,0
939,31,Denoden causes Themaglin.,Themaglin causes Denoden.,Denoden,,asymmetric,Higher degree,49923,1704725729569,1704725679646,female,Urdu,Denoden,Themaglin,62dc574fd325a22f7c2974d1,659c0ca729c928a7e3c0e444,659c0a8fa416f7f903ea0d6a,Denoden is associated with Themaglin.,Denoden causes Themaglin.,25063,0
940,74,Ceflar causes Agoriv.,Agoriv causes Ceflar.,Ceflar,"It isn't clear which causes which, but I guess that the first mentioned usually is the 'dominant' one . . .",symmetric,Higher degree,98137,1704725752411,1704725654274,male,English,Agoriv,Ceflar,5b12dd2630d562000155d420,659c0c90cd32cc3f73affc5e,659c0a8fa416f7f903ea0d6a,Agoriv and Ceflar are associated.,Agoriv causes Ceflar.,33344,0
941,36,Agoriv causes Flembers.,Flembers causes Agoriv.,Agoriv,,symmetric,Graduated High-school,44900,1704725752895,1704725707995,female,English,Flembers,Agoriv,5d53e3e4c5248c0018e31d79,659c0cc60cbe7646c1ed326d,659c0a8fa416f7f903ea0d6a,Flembers and Agoriv are associated.,Flembers causes Agoriv.,13857,0
942,40,Themaglin causes Ceflar.,Ceflar causes Themaglin.,Themaglin,,symmetric,Higher degree,30082,1704725759366,1704725729284,male,English ,Ceflar,Themaglin,63e52315e958670a256c0bcd,659c0c6a07e473647bfa0276,659c0a8fa416f7f903ea0d6a,Ceflar and Themaglin are associated.,Themaglin causes Ceflar.,16364,0
943,28,Rebosen causes Themaglin.,Themaglin causes Rebosen.,Rebosen,,symmetric,Higher degree,31752,1704725761415,1704725729663,male,,Themaglin,Rebosen,655505e7a601c885f69e29c2,659c0cdb7bc797071a0b9c60,659c0a8fa416f7f903ea0d6a,Themaglin and Rebosen are associated.,Themaglin causes Rebosen.,12909,0
944,28,Agoriv causes Ceflar.,Ceflar causes Agoriv.,Agoriv,None,asymmetric,Graduated College,80549,1704725763442,1704725682893,male,English,Agoriv,Ceflar,631624eda5f1f762834e370d,659c0cac3c59ca77010731e5,659c0a8fa416f7f903ea0d6a,Agoriv is associated with Ceflar.,Agoriv causes Ceflar.,23463,0
945,44,Denoden causes Themaglin.,Themaglin causes Denoden.,Denoden,,asymmetric,Higher degree,99500,1704725762426,1704725662926,other,English,Denoden,Themaglin,63c18acd2386cab09eb432ca,659c0c9a84bfcdb08b52f00c,659c0a8fa416f7f903ea0d6a,Denoden is associated with Themaglin.,Themaglin causes Denoden.,67918,0
946,31,Rebosen causes Flembers.,Flembers causes Rebosen.,Rebosen,,symmetric,Higher degree,34015,1704725765597,1704725731582,female,Urdu ,Flembers,Rebosen,62dc574fd325a22f7c2974d1,659c0ca729c928a7e3c0e444,659c0a8fa416f7f903ea0d6a,Flembers and Rebosen are associated.,Flembers causes Rebosen.,15541,0
947,25,Rebosen causes Themaglin.,Themaglin causes Rebosen.,Rebosen,,symmetric,Graduated College,19462,1704725778066,1704725758604,female,English,Rebosen,Themaglin,5e691a3a88397e1cc38ecab0,659c0cfb0c37bbc4844a100c,659c0a8fa416f7f903ea0d6a,Rebosen and Themaglin are associated.,Rebosen causes Themaglin.,5753,0
948,42,Flembers causes Ceflar.,Ceflar causes Flembers.,Flembers,,asymmetric,Higher degree,42709,1704725785289,1704725742580,female,English,Flembers,Ceflar,5ff00d2eb11116367c83a5c1,659c0ce7f27cf75d474255b6,659c0a8fa416f7f903ea0d6a,Flembers is associated with Ceflar.,Ceflar causes Flembers.,16990,0
949,,Themaglin causes Ceflar.,Ceflar causes Themaglin.,Themaglin,,symmetric,,11810,1704725787726,1704725775916,,,Themaglin,Ceflar,5a9bcd3f1eda410001366c55,659c0ccc3c59ca77010731ed,659c0a8fa416f7f903ea0d6a,Themaglin and Ceflar are associated.,Themaglin causes Ceflar.,6741,0
950,45,Themaglin causes Agoriv.,Agoriv causes Themaglin.,Themaglin,,symmetric,Graduated College,35208,1704725790964,1704725755756,female,English,Themaglin,Agoriv,5bfbca46f88f3900014afeae,659c0cf55b816854e4cbb0c1,659c0a8fa416f7f903ea0d6a,Themaglin and Agoriv are associated.,Themaglin causes Agoriv.,12177,0
951,29,Ceflar causes Denoden.,Denoden causes Ceflar.,Ceflar,,asymmetric,Higher degree,42081,1704725794309,1704725752228,female,English,Ceflar,Denoden,5c447135948e4100015ca29d,659c0ce81ddf12faaf83b1f7,659c0a8fa416f7f903ea0d6a,Ceflar is associated with Denoden.,Ceflar causes Denoden.,21937,0
952,40,Themaglin causes Flembers.,Flembers causes Themaglin.,Themaglin,,symmetric,Higher degree,42324,1704725798373,1704725756049,female,English ,Themaglin,Flembers,57246910539a7c0009f5b31d,659c0cf5b93016ada6740b46,659c0a8fa416f7f903ea0d6a,Themaglin and Flembers are associated.,Flembers causes Themaglin.,19492,0
953,55,Agoriv causes Flembers.,Flembers causes Agoriv.,Agoriv,,asymmetric,Graduated College,35639,1704725808319,1704725772680,female,english,Flembers,Agoriv,542c1dd2fdf99b324f7632f0,659c0d061d042b0f758cf8e8,659c0a8fa416f7f903ea0d6a,Flembers is associated with Agoriv.,Agoriv causes Flembers.,19281,0
954,35,Flembers causes Ceflar.,Ceflar causes Flembers.,Flembers,,asymmetric,Graduated College,51536,1704725809861,1704725758325,female,English ,Ceflar,Flembers,5c5ef63908ac630001cdc14d,659c0cf6369321111ef70a2a,659c0a8fa416f7f903ea0d6a,Ceflar is associated with Flembers.,Ceflar causes Flembers.,22115,0
955,35,Denoden causes Flembers.,Flembers causes Denoden.,Denoden,,symmetric,Graduated College,31410,1704725814079,1704725782669,female,English,Denoden,Flembers,5d1e21259f866e0001e83b7f,659c0d1082c311db92c0e495,659c0a8fa416f7f903ea0d6a,Denoden and Flembers are associated.,Denoden causes Flembers.,11948,0
956,36,Rebosen causes Denoden.,Denoden causes Rebosen.,Rebosen,,symmetric,Graduated College,72575,1704725820962,1704725748387,male,English,Denoden,Rebosen,5b031e450a56660001284e2c,659c0ce790eb1f1e0310313e,659c0a8fa416f7f903ea0d6a,Denoden and Rebosen are associated.,Denoden causes Rebosen.,24468,0
957,50,Rebosen causes Flembers.,Flembers causes Rebosen.,Rebosen,Thank you,asymmetric,Graduated College,233085,1704725835255,1704725602170,female,English,Rebosen,Flembers,5589480afdf99b5ccca3c1ea,659c0c5c700bb40c30103194,659c0a8fa416f7f903ea0d6a,Rebosen is associated with Flembers.,Flembers causes Rebosen.,15816,0
958,49,Agoriv causes Themaglin.,Themaglin causes Agoriv.,Agoriv,,asymmetric,Graduated High-school,38552,1704725847547,1704725808995,female,,Agoriv,Themaglin,55b0d269fdf99b2116e40f1c,659c0c4066a01dfb5f0731f1,659c0a8fa416f7f903ea0d6a,Agoriv is associated with Themaglin.,Themaglin causes Agoriv.,21551,0
959,40,Rebosen causes Ceflar.,Ceflar causes Rebosen.,Rebosen,,symmetric,Graduated College,51926,1704725851176,1704725799250,female,English,Rebosen,Ceflar,577d1216b425c40001434b2f,659c0d20c973ea364d124303,659c0a8fa416f7f903ea0d6a,Rebosen and Ceflar are associated.,Rebosen causes Ceflar.,29535,0
960,54,Themaglin causes Rebosen.,Rebosen causes Themaglin.,Themaglin,,asymmetric,Higher degree,67858,1704725865323,1704725797465,male,English,Themaglin,Rebosen,614f9daff9b7bf1a0f4c4f9c,659c0d1ef8cea9421792d41b,659c0a8fa416f7f903ea0d6a,Themaglin is associated with Rebosen.,Themaglin causes Rebosen.,29031,0
961,26,Flembers causes Ceflar.,Ceflar causes Flembers.,Flembers,,symmetric,Higher degree,33667,1704725876181,1704725842514,male,English,Ceflar,Flembers,60cb5fe0095c074ca05ab920,659c0d4ac7792546a511f6c0,659c0a8fa416f7f903ea0d6a,Ceflar and Flembers are associated.,Ceflar causes Flembers.,16667,0
962,50,Ceflar causes Agoriv.,Agoriv causes Ceflar.,Ceflar,,asymmetric,Graduated College,56636,1704725867496,1704725810860,female,English,Ceflar,Agoriv,6451079e32e4fc52da2a2ce3,659c0d2ba721a58240f22bec,659c0a8fa416f7f903ea0d6a,Ceflar is associated with Agoriv.,Agoriv causes Ceflar.,25562,0
963,26,Agoriv causes Themaglin.,Themaglin causes Agoriv.,Agoriv,,symmetric,Graduated High-school,27521,1704725883122,1704725855601,male,English ,Agoriv,Themaglin,62b89646564952dd56fcc52e,659c0d5aa89f40a072fe350e,659c0a8fa416f7f903ea0d6a,Agoriv and Themaglin are associated.,Agoriv causes Themaglin.,10840,0
964,33,Agoriv causes Rebosen.,Rebosen causes Agoriv.,Agoriv,,asymmetric,Graduated High-school,35593,1704725883113,1704725847520,male,English,Agoriv,Rebosen,63468b729ed91cda8f8f6c22,659c0d51da20de6a234d74ab,659c0a8fa416f7f903ea0d6a,Agoriv is associated with Rebosen.,Agoriv causes Rebosen.,21124,0
965,48,Denoden causes Themaglin.,Themaglin causes Denoden.,Denoden,,symmetric,Graduated College,55458,1704725896480,1704725841022,male,English,Themaglin,Denoden,5bd075779afb5b00015b6791,659c0d472eb2cacd4b099ecd,659c0a8fa416f7f903ea0d6a,Themaglin and Denoden are associated.,Themaglin causes Denoden.,14869,0
966,71,Flembers causes Denoden.,Denoden causes Flembers.,Flembers,,asymmetric,Graduated College,80135,1704725903839,1704725823704,female,English,Denoden,Flembers,58ee2d957b2e410001c2e807,659c0d2e7bc797071a0b9c7a,659c0a8fa416f7f903ea0d6a,Denoden is associated with Flembers.,Flembers causes Denoden.,32761,0
967,61,Flembers causes Rebosen.,Rebosen causes Flembers.,Flembers,,asymmetric,Graduated High-school,86881,1704725932221,1704725845340,male,English ,Rebosen,Flembers,611ab157584ca560e7cfb067,659c0d4e1f4a83761efa6b56,659c0a8fa416f7f903ea0d6a,Rebosen is associated with Flembers.,Rebosen causes Flembers.,36053,0
968,32,Rebosen causes Agoriv.,Agoriv causes Rebosen.,Rebosen,,asymmetric,Graduated High-school,28453,1704725939313,1704725910860,male,english,Rebosen,Agoriv,606ddb0033f69d1a832059cd,659c0d84ae120212949700e2,659c0a8fa416f7f903ea0d6a,Rebosen is associated with Agoriv.,Agoriv causes Rebosen.,13096,0
969,60,Ceflar causes Denoden.,Denoden causes Ceflar.,Ceflar,,symmetric,Graduated College,55768,1704725943268,1704725887500,female,English,Ceflar,Denoden,5c14e1972b16ba0001c94560,659c0d71827353c8fc740c17,659c0a8fa416f7f903ea0d6a,Ceflar and Denoden are associated.,Ceflar causes Denoden.,13318,0
983,67,Agoriv causes Denoden.,Denoden causes Agoriv.,Agoriv,,symmetric,Graduated College,47599,1704726005270,1704725957671,female,English ,Agoriv,Denoden,58710ffcec49b50001590603,659c0dbe35679cb22956e43c,659c0a8fa416f7f903ea0d6a,Agoriv and Denoden are associated.,Agoriv causes Denoden.,23226,0
970,39,Flembers causes Themaglin.,Themaglin causes Flembers.,Flembers,,asymmetric,Graduated High-school,34104,1704725943187,1704725909083,male,English,Flembers,Themaglin,583f080a164cd30001c347ea,659c0d91c973ea364d124332,659c0a8fa416f7f903ea0d6a,Flembers is associated with Themaglin.,Themaglin causes Flembers.,14103,0
971,22,Agoriv causes Themaglin.,Themaglin causes Agoriv.,Agoriv,,asymmetric,Graduated College,31919,1704725955351,1704725923432,female,English,Agoriv,Themaglin,5ebe9fd288936421e004c080,659c0d9b6456f280b334360b,659c0a8fa416f7f903ea0d6a,Agoriv is associated with Themaglin.,Themaglin causes Agoriv.,10218,0
972,33,Rebosen causes Denoden.,Denoden causes Rebosen.,Rebosen,,symmetric,Graduated High-school,33873,1704725959584,1704725925711,female,,Denoden,Rebosen,5d2b280730fa6f0001cd5326,659c0d9d5268355b1056e46d,659c0a8fa416f7f903ea0d6a,Denoden and Rebosen are associated.,Denoden causes Rebosen.,17961,0
973,32,Denoden causes Ceflar.,Ceflar causes Denoden.,Denoden,,symmetric,Graduated College,57998,1704725959654,1704725901656,other,English,Ceflar,Denoden,5e8a5d007022a071a5ca9673,659c0d69523bdd68ab8b1619,659c0a8fa416f7f903ea0d6a,Ceflar and Denoden are associated.,Ceflar causes Denoden.,7459,0
974,38,Flembers causes Themaglin.,Themaglin causes Flembers.,Flembers,,symmetric,Graduated High-school,45201,1704725965868,1704725920667,female,English ,Flembers,Themaglin,612fa869b7df784988ad0c68,659c0d964c07c18f5019c7d2,659c0a8fa416f7f903ea0d6a,Flembers and Themaglin are associated.,Themaglin causes Flembers.,20528,0
975,31,Flembers causes Denoden.,Denoden causes Flembers.,Flembers,,symmetric,Graduated College,36023,1704725971399,1704725935376,female,English,Denoden,Flembers,61211965f45859b966797c81,659c0da9201b28fb157b43c6,659c0a8fa416f7f903ea0d6a,Denoden and Flembers are associated.,Flembers causes Denoden.,13685,0
976,23,Rebosen causes Agoriv.,Agoriv causes Rebosen.,Rebosen,,asymmetric,Graduated High-school,23726,1704725971376,1704725947650,male,English,Rebosen,Agoriv,634825ebf527096edf593db7,659c0db629f43a5ea8c0a547,659c0a8fa416f7f903ea0d6a,Rebosen is associated with Agoriv.,Rebosen causes Agoriv.,7456,0
977,49,Flembers causes Agoriv.,Agoriv causes Flembers.,Flembers,,symmetric,Graduated College,61474,1704725977602,1704725916128,female,English,Agoriv,Flembers,597db33115837000016ae7d9,659c0d90bb5ffb8a6eed31b0,659c0a8fa416f7f903ea0d6a,Agoriv and Flembers are associated.,Agoriv causes Flembers.,25748,0
978,30,Denoden causes Flembers.,Flembers causes Denoden.,Denoden,,symmetric,Higher degree,30467,1704725985728,1704725955261,female,English,Denoden,Flembers,63d166eed94ed4d489a5d6d6,659c0db6e879e204a2ec684c,659c0a8fa416f7f903ea0d6a,Denoden and Flembers are associated.,Denoden causes Flembers.,16207,0
979,61,Agoriv causes Themaglin.,Themaglin causes Agoriv.,Agoriv,,symmetric,Graduated College,46931,1704725980613,1704725933682,male,English,Agoriv,Themaglin,6167116fd8a186cd98501614,659c0d90f8cea9421792d435,659c0a8fa416f7f903ea0d6a,Agoriv and Themaglin are associated.,Themaglin causes Agoriv.,24606,0
980,42,Flembers causes Themaglin.,Themaglin causes Flembers.,Flembers,,symmetric,Graduated College,42312,1704725982217,1704725939905,female,,Themaglin,Flembers,60dcf38eb214e37853db1bed,659c0daccbd005e70931e6ff,659c0a8fa416f7f903ea0d6a,Themaglin and Flembers are associated.,Flembers causes Themaglin.,25363,0
988,45,Ceflar causes Flembers.,Flembers causes Ceflar.,Ceflar,,asymmetric,Higher degree,41871,1704726014589,1704725972718,female,english,Ceflar,Flembers,5ce475232210eb00018706b3,659c0dd3d07ef99f53f67baa,659c0a8fa416f7f903ea0d6a,Ceflar is associated with Flembers.,Ceflar causes Flembers.,20760,0
989,34,Flembers causes Denoden.,Denoden causes Flembers.,Flembers,I didn't feel strongly towards either to be honest,symmetric,Higher degree,56710,1704726016083,1704725959373,female,English,Denoden,Flembers,5db21a3cad248e000dae8bc2,659c0dc15b816854e4cbb0f4,659c0a8fa416f7f903ea0d6a,Denoden and Flembers are associated.,Denoden causes Flembers.,14293,0
990,55,Flembers causes Ceflar.,Ceflar causes Flembers.,Flembers,,symmetric,Graduated High-school,53743,1704726040875,1704725987132,female,English,Ceflar,Flembers,5aae8f78811b2000016f7c7b,659c0dcf2c344a2e76e3b96b,659c0a8fa416f7f903ea0d6a,Ceflar and Flembers are associated.,Flembers causes Ceflar.,30119,0
993,37,Flembers causes Denoden.,Denoden causes Flembers.,Flembers,,symmetric,Graduated High-school,41231,1704726051299,1704726010068,male,English ,Denoden,Flembers,5edec2b3e095321650bddc22,659c0defd1d1c0d50359c293,659c0a8fa416f7f903ea0d6a,Denoden and Flembers are associated.,Denoden causes Flembers.,17449,0
998,42,Rebosen causes Denoden.,Denoden causes Rebosen.,Rebosen,,asymmetric,Graduated College,39448,1704726065039,1704726025591,female,English,Rebosen,Denoden,6346b5a6ea546c77fae4c827,659c0e01555160bda995ce2d,659c0a8fa416f7f903ea0d6a,Rebosen is associated with Denoden.,Denoden causes Rebosen.,20545,0
1003,28,Flembers causes Denoden.,Denoden causes Flembers.,Flembers,,asymmetric,Graduated High-school,28391,1704726071905,1704726043514,female,English,Flembers,Denoden,60aa79fa99f7d53701b02256,659c0de6a416f7f903ea0e97,659c0a8fa416f7f903ea0d6a,Flembers is associated with Denoden.,Flembers causes Denoden.,14798,0
1008,37,Flembers causes Ceflar.,Ceflar causes Flembers.,Flembers,,asymmetric,Did not graduate High-school,42778,1704726092099,1704726049321,female,English ,Flembers,Ceflar,5ecba035027d970390e65417,659c0e192c344a2e76e3b982,659c0a8fa416f7f903ea0d6a,Flembers is associated with Ceflar.,Ceflar causes Flembers.,16437,0
1039,24,Ceflar causes Themaglin.,Themaglin causes Ceflar.,Ceflar,,symmetric,Graduated College,34700,1704726210801,1704726176101,male,"English, Polish",Ceflar,Themaglin,60a993bb8dd1f6bb59c758f1,659c0e96317fd55a97dc48e9,659c0a8fa416f7f903ea0d6a,Ceflar and Themaglin are associated.,Themaglin causes Ceflar.,12807,0
1044,29,Denoden causes Flembers.,Flembers causes Denoden.,Denoden,,symmetric,Higher degree,29895,1704726225065,1704726195170,male,English,Flembers,Denoden,610502298d2771ca33b3b885,659c0eab90d356c8dae34c1d,659c0a8fa416f7f903ea0d6a,Flembers and Denoden are associated.,Flembers causes Denoden.,13149,0
991,63,Agoriv causes Themaglin.,Themaglin causes Agoriv.,Agoriv,,symmetric,Higher degree,71430,1704726042164,1704725970734,female,English ,Themaglin,Agoriv,5d51ad87e02e5500182bb86e,659c0dca51d2e752cf4b6c49,659c0a8fa416f7f903ea0d6a,Themaglin and Agoriv are associated.,Themaglin causes Agoriv.,22467,0
992,53,Themaglin causes Ceflar.,Ceflar causes Themaglin.,Themaglin,,symmetric,Graduated High-school,47179,1704726047170,1704725999991,male,,Themaglin,Ceflar,5fd64479bf40a251701159d6,659c0dcfd10019d644555d2c,659c0a8fa416f7f903ea0d6a,Themaglin and Ceflar are associated.,Ceflar causes Themaglin.,27569,0
994,49,Agoriv causes Themaglin.,Themaglin causes Agoriv.,Agoriv,,asymmetric,Graduated High-school,53419,1704726052749,1704725999330,female,English ,Agoriv,Themaglin,590a581797e13f0001f50f6d,659c0de44c07c18f5019c7ef,659c0a8fa416f7f903ea0d6a,Agoriv is associated with Themaglin.,Agoriv causes Themaglin.,24316,0
995,33,Flembers causes Rebosen.,Rebosen causes Flembers.,Flembers,,asymmetric,Higher degree,58493,1704726053982,1704725995489,male,English ,Rebosen,Flembers,63d9209f99e4ca61aaa0e54b,659c0dd7700bb40c301031f6,659c0a8fa416f7f903ea0d6a,Rebosen is associated with Flembers.,Rebosen causes Flembers.,38127,0
996,50,Denoden causes Rebosen.,Rebosen causes Denoden.,Denoden,,symmetric,Graduated College,48993,1704726059727,1704726010734,female,english,Rebosen,Denoden,5ecd41b94c2e85070cdafa60,659c0de12ebd1a9176b44d6c,659c0a8fa416f7f903ea0d6a,Rebosen and Denoden are associated.,Rebosen causes Denoden.,16009,0
997,32,Ceflar causes Denoden.,Denoden causes Ceflar.,Ceflar,,symmetric,Higher degree,45430,1704726062867,1704726017437,,,Denoden,Ceflar,6501bdc07ec7d13f08561aaf,659c0df7a416f7f903ea0e9c,659c0a8fa416f7f903ea0d6a,Denoden and Ceflar are associated.,Denoden causes Ceflar.,10192,0
1009,63,Denoden causes Themaglin.,Themaglin causes Denoden.,Denoden,,asymmetric,Graduated High-school,42164,1704726095117,1704726052954,male,English,Denoden,Themaglin,5d1bcfd2e24a990001f327a3,659c0e1ed07ef99f53f67be6,659c0a8fa416f7f903ea0d6a,Denoden is associated with Themaglin.,Themaglin causes Denoden.,15913,0
1015,44,Agoriv causes Flembers.,Flembers causes Agoriv.,Agoriv,,symmetric,Graduated College,48713,1704726120275,1704726071562,female,English,Flembers,Agoriv,6352c6a21c75cd6ea773f20f,659c0e2a718286ff50f70a87,659c0a8fa416f7f903ea0d6a,Flembers and Agoriv are associated.,Flembers causes Agoriv.,19557,0
1018,59,Rebosen causes Agoriv.,Agoriv causes Rebosen.,Rebosen,,asymmetric,Higher degree,44260,1704726135324,1704726091064,female,english,Rebosen,Agoriv,5ea00187a318681b9bed99dd,659c0e410cbe7646c1ed3312,659c0a8fa416f7f903ea0d6a,Rebosen is associated with Agoriv.,Agoriv causes Rebosen.,21404,0
1025,65,Flembers causes Rebosen.,Rebosen causes Flembers.,Flembers,,symmetric,Graduated High-school,60818,1704726150736,1704726089918,male,English,Rebosen,Flembers,61572aeab6ac8a5fe94b43b4,659c0e3cb48bd0f5609f2b40,659c0a8fa416f7f903ea0d6a,Rebosen and Flembers are associated.,Rebosen causes Flembers.,29644,0
999,32,Flembers causes Agoriv.,Agoriv causes Flembers.,Flembers,,asymmetric,Graduated High-school,54450,1704726064793,1704726010343,female,English,Agoriv,Flembers,65254e99b0d9f4503489b08a,659c0df6201b28fb157b43ea,659c0a8fa416f7f903ea0d6a,Agoriv is associated with Flembers.,Flembers causes Agoriv.,26439,0
1002,54,Rebosen causes Ceflar.,Ceflar causes Rebosen.,Rebosen,,symmetric,Graduated High-school,63264,1704726067286,1704726004022,female,English,Ceflar,Rebosen,64399fba4898055839d9f069,659c0dea90eb1f1e03103170,659c0a8fa416f7f903ea0d6a,Ceflar and Rebosen are associated.,Ceflar causes Rebosen.,32946,0
1017,34,Agoriv causes Themaglin.,Themaglin causes Agoriv.,Agoriv,,asymmetric,Graduated College,54675,1704726133655,1704726078980,male,English ,Agoriv,Themaglin,63e543776175d50494dd5efd,659c0e372c344a2e76e3b98f,659c0a8fa416f7f903ea0d6a,Agoriv is associated with Themaglin.,Themaglin causes Agoriv.,30560,0
1035,21,Rebosen causes Denoden.,Denoden causes Rebosen.,Rebosen,,asymmetric,Graduated High-school,33688,1704726188343,1704726154655,male,"English, French",Denoden,Rebosen,5be330d151ed78000195cdcd,659c0e7983d4bc66e641a21c,659c0a8fa416f7f903ea0d6a,Denoden is associated with Rebosen.,Rebosen causes Denoden.,19131,0
1053,25,Themaglin causes Flembers.,Flembers causes Themaglin.,Themaglin,,asymmetric,Higher degree,57938,1704726235595,1704726177657,female,english,Flembers,Themaglin,6058a04c3fae6d6f4f7903aa,659c0e53d07ef99f53f67bf7,659c0a8fa416f7f903ea0d6a,Flembers is associated with Themaglin.,Themaglin causes Flembers.,39730,0
1059,39,Rebosen causes Agoriv.,Agoriv causes Rebosen.,Rebosen,,asymmetric,Higher degree,29558,1704726251930,1704726222372,male,,Agoriv,Rebosen,60bd350431ab0f24daafa597,659c0ec7c3cbbbd14be492d7,659c0a8fa416f7f903ea0d6a,Agoriv is associated with Rebosen.,Rebosen causes Agoriv.,8230,0
1072,35,Themaglin causes Ceflar.,Ceflar causes Themaglin.,Themaglin,,asymmetric,Higher degree,123836,1704726276223,1704726152387,male,english,Ceflar,Themaglin,5da0369db1088f00122344c5,659c0e73158454c8dea6294a,659c0a8fa416f7f903ea0d6a,Ceflar is associated with Themaglin.,Ceflar causes Themaglin.,7273,0
1000,61,Themaglin causes Flembers.,Flembers causes Themaglin.,Themaglin,"University, not college.",asymmetric,Graduated College,63745,1704726065585,1704726001840,male,English ,Flembers,Themaglin,5e4fee53478084033f395903,659c0de9f4b22fa3bbfa0339,659c0a8fa416f7f903ea0d6a,Flembers is associated with Themaglin.,Themaglin causes Flembers.,21403,0
1020,54,Themaglin causes Agoriv.,Agoriv causes Themaglin.,Themaglin,,symmetric,Graduated High-school,97208,1704726142551,1704726045343,female,English,Themaglin,Agoriv,5d0806849fa4ad0018638a46,659c0e15c973ea364d124374,659c0a8fa416f7f903ea0d6a,Themaglin and Agoriv are associated.,Themaglin causes Agoriv.,62156,0
1041,31,Themaglin causes Flembers.,Flembers causes Themaglin.,Themaglin,,asymmetric,Higher degree,58889,1704726214804,1704726155915,female,English ,Flembers,Themaglin,62974e9e2c78ea924179b26f,659c0e753a04606489210bfa,659c0a8fa416f7f903ea0d6a,Flembers is associated with Themaglin.,Flembers causes Themaglin.,26999,0
1055,48,Flembers causes Agoriv.,Agoriv causes Flembers.,Flembers,n/a,asymmetric,Graduated College,63033,1704726244160,1704726181127,female,English,Agoriv,Flembers,5c69ec2a51ea580001da65ae,659c0e98f65f1aa2a59c79dc,659c0a8fa416f7f903ea0d6a,Agoriv is associated with Flembers.,Flembers causes Agoriv.,22282,0
1001,39,Themaglin causes Rebosen.,Rebosen causes Themaglin.,Themaglin,,asymmetric,Graduated College,31745,1704726067031,1704726035286,female,English,Themaglin,Rebosen,5c4707cd4a1fb4000136c04e,659c0e0d700bb40c30103218,659c0a8fa416f7f903ea0d6a,Themaglin is associated with Rebosen.,Rebosen causes Themaglin.,16577,0
1014,71,Rebosen causes Flembers.,Flembers causes Rebosen.,Rebosen,,symmetric,Graduated High-school,65019,1704726119652,1704726054633,female,,Flembers,Rebosen,59d3b5fa4e58e40001953a66,659c0e16b48bd0f5609f2b37,659c0a8fa416f7f903ea0d6a,Flembers and Rebosen are associated.,Flembers causes Rebosen.,26244,0
1023,31,Agoriv causes Ceflar.,Ceflar causes Agoriv.,Agoriv,,asymmetric,Graduated High-school,69258,1704726142961,1704726073703,female,English,Agoriv,Ceflar,6109a77382a46b2eaa24f2ee,659c0e2f48f0b867aa3eebdd,659c0a8fa416f7f903ea0d6a,Agoriv is associated with Ceflar.,Ceflar causes Agoriv.,49454,0
1028,23,Ceflar causes Agoriv.,Agoriv causes Ceflar.,Ceflar,,symmetric,Graduated College,89550,1704726158037,1704726068487,male,English,Agoriv,Ceflar,5ea556346fe116549c336fc9,659c0e26401e7a134d3435e0,659c0a8fa416f7f903ea0d6a,Agoriv and Ceflar are associated.,Agoriv causes Ceflar.,58346,0
1034,46,Rebosen causes Flembers.,Flembers causes Rebosen.,Rebosen,,asymmetric,Graduated College,42748,1704726184866,1704726142118,female,English ,Flembers,Rebosen,60ff13bf692c2c24bfe600fd,659c0e74f4c0ace95d32d5cf,659c0a8fa416f7f903ea0d6a,Flembers is associated with Rebosen.,Rebosen causes Flembers.,17605,0
1045,50,Agoriv causes Flembers.,Flembers causes Agoriv.,Agoriv,Neither of the statements are true.  I can't answer the question about gender because I do not have one.  I have a sex assigned at birth.,symmetric,Higher degree,63229,1704726229254,1704726166025,other,English,Agoriv,Flembers,5e234e6d06121f5eceaba7f1,659c0e8c4c830d6ce222756a,659c0a8fa416f7f903ea0d6a,Agoriv and Flembers are associated.,Flembers causes Agoriv.,11092,0
1004,55,Denoden causes Flembers.,Flembers causes Denoden.,Denoden,,asymmetric,Graduated College,45311,1704726078750,1704726033439,female,Engish,Denoden,Flembers,5a52669aacc75b000179c9b4,659c0e09a721a58240f22c2a,659c0a8fa416f7f903ea0d6a,Denoden is associated with Flembers.,Flembers causes Denoden.,15848,0
1013,30,Denoden causes Rebosen.,Rebosen causes Denoden.,Denoden,,asymmetric,Higher degree,24736,1704726111700,1704726086964,male,English,Rebosen,Denoden,5c853fb8de8ae1001703d476,659c0e309620d34ae192d473,659c0a8fa416f7f903ea0d6a,Rebosen is associated with Denoden.,Rebosen causes Denoden.,11182,0
1042,48,Flembers causes Agoriv.,Agoriv causes Flembers.,Flembers,,asymmetric,Graduated College,45450,1704726218515,1704726173065,female,English,Flembers,Agoriv,5d61a6ec798d980001f9d5e1,659c0e9bc86d48dcd1ea1bcf,659c0a8fa416f7f903ea0d6a,Flembers is associated with Agoriv.,Agoriv causes Flembers.,20740,0
1051,22,Flembers causes Themaglin.,Themaglin causes Flembers.,Flembers,,symmetric,Graduated College,30884,1704726235281,1704726204397,female,English,Flembers,Themaglin,5f00b01d61fa111d7796e996,659c0eb5bf2c64393c714689,659c0a8fa416f7f903ea0d6a,Flembers and Themaglin are associated.,Themaglin causes Flembers.,9603,0
1005,38,Themaglin causes Denoden.,Denoden causes Themaglin.,Themaglin,,symmetric,Graduated College,38258,1704726082096,1704726043838,female,English ,Denoden,Themaglin,61f2adffa09e72f23cbaf9e9,659c0da02fcd63b62cf67b92,659c0a8fa416f7f903ea0d6a,Denoden and Themaglin are associated.,Denoden causes Themaglin.,14052,0
1006,27,Flembers causes Denoden.,Denoden causes Flembers.,Flembers,"Logically, neither causes the other but I picked the one that I thought was right.",symmetric,Higher degree,102628,1704726088375,1704725985747,female,English,Denoden,Flembers,60f68f4ac13cf8de419f1d8d,659c0dd8cbd005e70931e70b,659c0a8fa416f7f903ea0d6a,Denoden and Flembers are associated.,Flembers causes Denoden.,43044,0
1007,58,Denoden causes Agoriv.,Agoriv causes Denoden.,Denoden,,asymmetric,Graduated College,48488,1704726087699,1704726039211,female,English,Denoden,Agoriv,58577840af007f0001caa9dd,659c0e0017b8ca134946e19e,659c0a8fa416f7f903ea0d6a,Denoden is associated with Agoriv.,Agoriv causes Denoden.,21931,0
1048,25,Ceflar causes Agoriv.,Agoriv causes Ceflar.,Ceflar,,symmetric,Higher degree,54537,1704726231533,1704726176996,female,English,Ceflar,Agoriv,612f4a36268888b428b97bb1,659c0e9b57dc159282ede9f5,659c0a8fa416f7f903ea0d6a,Ceflar and Agoriv are associated.,Ceflar causes Agoriv.,29957,0
1050,21,Agoriv causes Themaglin.,Themaglin causes Agoriv.,Agoriv,,symmetric,Graduated High-school,69194,1704726234424,1704726165230,female,English,Agoriv,Themaglin,5fae4da3bf842d08cfd0dcc6,659c0e8f97b2569031d6a703,659c0a8fa416f7f903ea0d6a,Agoriv and Themaglin are associated.,Agoriv causes Themaglin.,44362,0
1060,56,Agoriv causes Ceflar.,Ceflar causes Agoriv.,Agoriv,,asymmetric,Higher degree,45926,1704726252306,1704726206380,female,English,Ceflar,Agoriv,5d539f4f147a7d00195aaeb1,659c0eb89b85d977885f9410,659c0a8fa416f7f903ea0d6a,Ceflar is associated with Agoriv.,Agoriv causes Ceflar.,20730,0
1010,38,Denoden causes Rebosen.,Rebosen causes Denoden.,Denoden,,asymmetric,Graduated College,49313,1704725994618,1704725945305,male,english,Rebosen,Denoden,5f84ac968dc8711503beeb19,659c0e165b816854e4cbb10e,659c0a8fa416f7f903ea0d6a,Rebosen is associated with Denoden.,Rebosen causes Denoden.,24146,0
1024,29,Flembers causes Ceflar.,Ceflar causes Flembers.,Flembers,,asymmetric,Graduated College,46431,1704726144027,1704726097596,female,English,Flembers,Ceflar,60efe254ec9bf3398e3600da,659c0e48a1f192627664685c,659c0a8fa416f7f903ea0d6a,Flembers is associated with Ceflar.,Ceflar causes Flembers.,26312,0
1027,31,Denoden causes Agoriv.,Agoriv causes Denoden.,Denoden,,symmetric,Higher degree,29161,1704726157718,1704726128557,male,english,Agoriv,Denoden,615f58e919460299d9506c35,659c0e65d10019d644555d5a,659c0a8fa416f7f903ea0d6a,Agoriv and Denoden are associated.,Agoriv causes Denoden.,13752,0
1040,63,Themaglin causes Rebosen.,Rebosen causes Themaglin.,Themaglin,,symmetric,Graduated College,66484,1704726210672,1704726144188,male,English,Themaglin,Rebosen,5fdf8fe29f4b9e80cc7f7f7d,659c0e7ea8517af6e61d4f8a,659c0a8fa416f7f903ea0d6a,Themaglin and Rebosen are associated.,Rebosen causes Themaglin.,38308,0
1043,39,Ceflar causes Flembers.,Flembers causes Ceflar.,Ceflar,,symmetric,Graduated College,53653,1704726217382,1704726163729,female,British English,Flembers,Ceflar,58a478847cf56d0001f91f2e,659c0e527bc797071a0b9cfa,659c0a8fa416f7f903ea0d6a,Flembers and Ceflar are associated.,Flembers causes Ceflar.,12871,0
1054,28,Ceflar causes Rebosen.,Rebosen causes Ceflar.,Ceflar,,asymmetric,Graduated College,35286,1704726236395,1704726201109,female,English,Ceflar,Rebosen,6072f8908ca848cb61dcce5d,659c0e9d650f0b0922cd653b,659c0a8fa416f7f903ea0d6a,Ceflar is associated with Rebosen.,Rebosen causes Ceflar.,18572,0
1056,38,Denoden causes Rebosen.,Rebosen causes Denoden.,Denoden,,asymmetric,Graduated High-school,34423,1704726242417,1704726207994,male, english,Rebosen,Denoden,5ce3af911a90fb0015fcaec7,659c0ebc90d356c8dae34c24,659c0a8fa416f7f903ea0d6a,Rebosen is associated with Denoden.,Denoden causes Rebosen.,10522,0
1069,29,Agoriv causes Rebosen.,Rebosen causes Agoriv.,Agoriv,,asymmetric,Graduated College,19598,1704726266916,1704726247318,female,English,Rebosen,Agoriv,5b3648e7f726b2000192b3f4,659c0ee13f5b847e1e792510,659c0a8fa416f7f903ea0d6a,Rebosen is associated with Agoriv.,Agoriv causes Rebosen.,6791,0
1071,65,Denoden causes Ceflar.,Ceflar causes Denoden.,Denoden,Interesting. Would love to know the answer!,asymmetric,Higher degree,137978,1704726194934,1704726056956,female,English,Denoden,Ceflar,5f58744ecdecc83e9d559f86,659c0e5e45f02df19a813ce1,659c0a8fa416f7f903ea0d6a,Denoden is associated with Ceflar.,Ceflar causes Denoden.,57158,0
1075,41,Denoden causes Agoriv.,Agoriv causes Denoden.,Denoden,,symmetric,Higher degree,29738,1704726297480,1704726267743,male,english,Agoriv,Denoden,63d13cca81e6d01c11fb0ca5,659c0ee6b6512b3a14792515,659c0a8fa416f7f903ea0d6a,Agoriv and Denoden are associated.,Agoriv causes Denoden.,13221,0
1011,36,Flembers causes Denoden.,Denoden causes Flembers.,Flembers,,symmetric,Higher degree,29423,1704726101048,1704726071625,female,English,Flembers,Denoden,608489b0f443591db476893d,659c0e2bff3704db26c8975e,659c0a8fa416f7f903ea0d6a,Flembers and Denoden are associated.,Flembers causes Denoden.,13927,0
1022,45,Ceflar causes Rebosen.,Rebosen causes Ceflar.,Ceflar,,symmetric,Graduated High-school,50298,1704726142350,1704726092052,male,,Rebosen,Ceflar,611a825cb5c4add8a92389e3,659c0e4366a01dfb5f073285,659c0a8fa416f7f903ea0d6a,Rebosen and Ceflar are associated.,Rebosen causes Ceflar.,16574,0
1036,40,Ceflar causes Flembers.,Flembers causes Ceflar.,Ceflar,,asymmetric,Higher degree,46451,1704726189020,1704726142569,female,English,Ceflar,Flembers,5e238a81a6a740650cbb4c86,659c0e741bc3f38c242901d7,659c0a8fa416f7f903ea0d6a,Ceflar is associated with Flembers.,Flembers causes Ceflar.,24536,0
1012,54,Themaglin causes Rebosen.,Rebosen causes Themaglin.,Themaglin,,symmetric,Graduated College,46546,1704726103946,1704726057400,female,English,Rebosen,Themaglin,5944e8d4d8d2690001d0a6fa,659c0e18f4b22fa3bbfa0354,659c0a8fa416f7f903ea0d6a,Rebosen and Themaglin are associated.,Rebosen causes Themaglin.,26644,0
1016,72,Agoriv causes Ceflar.,Ceflar causes Agoriv.,Agoriv,,asymmetric,Graduated College,84214,1704726124491,1704726040277,female,English,Agoriv,Ceflar,616c176e3053a05aac471aa9,659c0e11c973ea364d12436e,659c0a8fa416f7f903ea0d6a,Agoriv is associated with Ceflar.,Ceflar causes Agoriv.,37930,0
1021,39,Themaglin causes Ceflar.,Ceflar causes Themaglin.,Themaglin,,symmetric,Graduated High-school,51794,1704726141575,1704726089781,male,English,Themaglin,Ceflar,5b11413a30d562000155b605,659c0e440c37bbc4844a1068,659c0a8fa416f7f903ea0d6a,Themaglin and Ceflar are associated.,Themaglin causes Ceflar.,26871,0
1019,34,Flembers causes Agoriv.,Agoriv causes Flembers.,Flembers,,asymmetric,Graduated High-school,50097,1704726138246,1704726088149,female,English,Flembers,Agoriv,5c1a1a8e792f4400015d5b86,659c0e3d0a3824c30624ba14,659c0a8fa416f7f903ea0d6a,Flembers is associated with Agoriv.,Agoriv causes Flembers.,14671,0
1032,38,Themaglin causes Denoden.,Denoden causes Themaglin.,Themaglin,,symmetric,Graduated College,32860,1704726175379,1704726142519,female,English,Themaglin,Denoden,598d74208380cc00012a3a62,659c0e7636e74a52c99072ec,659c0a8fa416f7f903ea0d6a,Themaglin and Denoden are associated.,Themaglin causes Denoden.,14624,0
1026,35,Flembers causes Rebosen.,Rebosen causes Flembers.,Flembers,,symmetric,Higher degree,28801,1704726155064,1704726126263,male,English,Flembers,Rebosen,54905775fdf99b7255546dfe,659c0e622fcd63b62cf67bdb,659c0a8fa416f7f903ea0d6a,Flembers and Rebosen are associated.,Rebosen causes Flembers.,8781,0
1030,45,Agoriv causes Ceflar.,Ceflar causes Agoriv.,Agoriv,,symmetric,Graduated High-school,39474,1704726146078,1704726106604,female,English,Agoriv,Ceflar,59f7c290f4217300016cc2fb,659c0e6adc3b72664db37b07,659c0a8fa416f7f903ea0d6a,Agoriv and Ceflar are associated.,Agoriv causes Ceflar.,14305,0
1047,28,Agoriv causes Denoden.,Denoden causes Agoriv.,Agoriv,,symmetric,Graduated High-school,33816,1704726230745,1704726196929,female,English,Agoriv,Denoden,5ccdc8af8866b10015fff794,659c0eaec1eac6aa74ea1bcf,659c0a8fa416f7f903ea0d6a,Agoriv and Denoden are associated.,Agoriv causes Denoden.,13802,0
1029,22,Agoriv causes Flembers.,Flembers causes Agoriv.,Agoriv,,asymmetric,Graduated High-school,28383,1704726161385,1704726133002,female,English,Agoriv,Flembers,60ff140bb12e7cc7e6927299,659c0e6d85e8225645cc4d67,659c0a8fa416f7f903ea0d6a,Agoriv is associated with Flembers.,Flembers causes Agoriv.,13679,0
1046,35,Agoriv causes Flembers.,Flembers causes Agoriv.,Agoriv,,symmetric,Graduated College,42831,1704726229904,1704726187073,female,English,Agoriv,Flembers,5b224205a0527a00019d40ea,659c0e882cd41c9505f8bb79,659c0a8fa416f7f903ea0d6a,Agoriv and Flembers are associated.,Agoriv causes Flembers.,25552,0
1049,29,Denoden causes Rebosen.,Rebosen causes Denoden.,Denoden,,symmetric,Graduated College,46807,1704726228225,1704726181418,female,English,Denoden,Rebosen,5f7f50b84de3e60cc5140897,659c0ea236e74a52c9907303,659c0a8fa416f7f903ea0d6a,Denoden and Rebosen are associated.,Rebosen causes Denoden.,22537,0
1057,52,Themaglin causes Denoden.,Denoden causes Themaglin.,Themaglin,,asymmetric,Graduated College,49264,1704726247369,1704726198105,male,English,Themaglin,Denoden,643fd27bdf8bbe600ff7fcc3,659c0eaf332d20071dc654ac,659c0a8fa416f7f903ea0d6a,Themaglin is associated with Denoden.,Denoden causes Themaglin.,29848,0
1067,53,Ceflar causes Themaglin.,Themaglin causes Ceflar.,Ceflar,,symmetric,Higher degree,66476,1704726262474,1704726195998,female,English,Ceflar,Themaglin,6076d4d054ca97fcf0ba89bd,659c0eaf9931fee829fd164b,659c0a8fa416f7f903ea0d6a,Ceflar and Themaglin are associated.,Ceflar causes Themaglin.,22183,0
1031,36,Ceflar causes Denoden.,Denoden causes Ceflar.,Ceflar,,symmetric,Graduated High-school,28641,1704726174913,1704726146272,female,English,Ceflar,Denoden,5f63721c4ff6ec0436887753,659c0e7dd19535629e854b42,659c0a8fa416f7f903ea0d6a,Ceflar and Denoden are associated.,Ceflar causes Denoden.,12941,0
1037,35,Agoriv causes Denoden.,Denoden causes Agoriv.,Agoriv,,symmetric,Graduated High-school,31993,1704726201646,1704726169653,female,English,Agoriv,Denoden,5b60c7321b181c00011ae753,659c0e9059cfe3efb54d90c9,659c0a8fa416f7f903ea0d6a,Agoriv and Denoden are associated.,Agoriv causes Denoden.,13256,0
1038,37,Ceflar causes Rebosen.,Rebosen causes Ceflar.,Ceflar,,symmetric,Graduated College,45076,1704726207240,1704726162164,female,English,Rebosen,Ceflar,60659fa1c158d333d9ec89b8,659c0e8b57ac90eb87463cc9,659c0a8fa416f7f903ea0d6a,Rebosen and Ceflar are associated.,Ceflar causes Rebosen.,20307,0
1033,32,Agoriv causes Denoden.,Denoden causes Agoriv.,Agoriv,,asymmetric,,29793,1704726181080,1704726151287,other,English,Denoden,Agoriv,5dd5a5f25a40f256e14e7908,659c0e7d45f02df19a813cf0,659c0a8fa416f7f903ea0d6a,Denoden is associated with Agoriv.,Denoden causes Agoriv.,14923,0
1052,38,Ceflar causes Themaglin.,Themaglin causes Ceflar.,Ceflar,,asymmetric,Graduated College,73404,1704726236783,1704726163379,male,English,Ceflar,Themaglin,5ac13a13e1099600016a62ef,659c0e869dea0bd160210bf8,659c0a8fa416f7f903ea0d6a,Ceflar is associated with Themaglin.,Ceflar causes Themaglin.,17650,0
1058,69,Denoden causes Agoriv.,Agoriv causes Denoden.,Denoden,,symmetric,Graduated College,65534,1704726250431,1704726184897,female,English,Denoden,Agoriv,5c49b156f5e26d0001479b44,659c0ea67266c278e349b59f,659c0a8fa416f7f903ea0d6a,Denoden and Agoriv are associated.,Denoden causes Agoriv.,23387,0
1061,45,Flembers causes Rebosen.,Rebosen causes Flembers.,Flembers,,asymmetric,Graduated College,30401,1704726252815,1704726222414,female,english,Rebosen,Flembers,5791dae225cb71000128ad5b,659c0ec946c47d37869e0c42,659c0a8fa416f7f903ea0d6a,Rebosen is associated with Flembers.,Flembers causes Rebosen.,14847,0
1062,35,Ceflar causes Denoden.,Denoden causes Ceflar.,Ceflar,,asymmetric,Higher degree,55846,1704726254911,1704726199065,female,english,Denoden,Ceflar,5f50e9a52213ce2868b7d0af,659c0eacfb3cdb591e69e05c,659c0a8fa416f7f903ea0d6a,Denoden is associated with Ceflar.,Denoden causes Ceflar.,34249,0
1063,28,Ceflar causes Flembers.,Flembers causes Ceflar.,Ceflar,,asymmetric,Higher degree,37734,1704726254690,1704726216956,female,English,Ceflar,Flembers,56aa6d98638440000c8b4eb0,659c0ec1f0063e8589dc48e9,659c0a8fa416f7f903ea0d6a,Ceflar is associated with Flembers.,Flembers causes Ceflar.,17551,0
1064,37,Rebosen causes Agoriv.,Agoriv causes Rebosen.,Rebosen,,symmetric,Higher degree,33628,1704726272915,1704726239287,female,English,Rebosen,Agoriv,60fbc21303c4bb03e3ba72b3,659c0ecadc3b72664db37b1b,659c0a8fa416f7f903ea0d6a,Rebosen and Agoriv are associated.,Rebosen causes Agoriv.,16494,0
1065,34,Themaglin causes Ceflar.,Ceflar causes Themaglin.,Themaglin,,asymmetric,Higher degree,47337,1704726257697,1704726210360,female,English,Ceflar,Themaglin,5f44ec581d2bed02f7427a31,659c0eb890d356c8dae34c22,659c0a8fa416f7f903ea0d6a,Ceflar is associated with Themaglin.,Ceflar causes Themaglin.,16409,0
1066,56,Agoriv causes Denoden.,Denoden causes Agoriv.,Agoriv,,symmetric,,53109,1704726261181,1704726208072,female,English ,Denoden,Agoriv,5b07b3959649530001a3c8c5,659c0eb98d2a283d3aede9f4,659c0a8fa416f7f903ea0d6a,Denoden and Agoriv are associated.,Denoden causes Agoriv.,20401,0
1068,32,Ceflar causes Themaglin.,Themaglin causes Ceflar.,Ceflar,,symmetric,Higher degree,24706,1704726263603,1704726238897,male,English,Ceflar,Themaglin,63ea47b5c84fbf76fc7d41eb,659c0eda83bc6c49a341a253,659c0a8fa416f7f903ea0d6a,Ceflar and Themaglin are associated.,Themaglin causes Ceflar.,9311,0
1070,47,Ceflar causes Flembers.,Flembers causes Ceflar.,Ceflar,,symmetric,Graduated College,59045,1704726266385,1704726207340,female,English,Ceflar,Flembers,627288c5146479169a28cd03,659c0eb2880e139e635f9418,659c0a8fa416f7f903ea0d6a,Ceflar and Flembers are associated.,Ceflar causes Flembers.,35310,0
1073,31,Ceflar causes Flembers.,Flembers causes Ceflar.,Ceflar,,symmetric,Higher degree,40611,1704726275792,1704726235181,female,English,Flembers,Ceflar,5f10badda2f6933c50f5cbf2,659c0ed196e88b0a8d7e381f,659c0a8fa416f7f903ea0d6a,Flembers and Ceflar are associated.,Ceflar causes Flembers.,21196,0
1074,31,Themaglin causes Rebosen.,Rebosen causes Themaglin.,Themaglin,,symmetric,Graduated High-school,34296,1704726276186,1704726241890,female,English,Rebosen,Themaglin,60aa817bc03dba2890522f2f,659c0ede289426d4bcd6a71e,659c0a8fa416f7f903ea0d6a,Rebosen and Themaglin are associated.,Rebosen causes Themaglin.,17479,0
1076,31,Agoriv causes Themaglin.,Themaglin causes Agoriv.,Agoriv,,symmetric,Graduated College,31149,1704726278482,1704726247333,male,English,Themaglin,Agoriv,6129250af722358dd0a6433b,659c0ee1317fd55a97dc48fa,659c0a8fa416f7f903ea0d6a,Themaglin and Agoriv are associated.,Themaglin causes Agoriv.,13273,0
1077,63,Flembers causes Agoriv.,Agoriv causes Flembers.,Flembers,,asymmetric,Graduated College,100491,1704726280315,1704726179824,female,English ,Agoriv,Flembers,5c27c724867f660001ae6785,659c0e9adc3b72664db37b12,659c0a8fa416f7f903ea0d6a,Agoriv is associated with Flembers.,Flembers causes Agoriv.,49072,0
1078,32,Flembers causes Themaglin.,Themaglin causes Flembers.,Flembers,Where is the 'neither' option - I'm a scientist by education and know not to assume causation just because there's association...,symmetric,Graduated College,84610,1704726284161,1704726199551,other,English,Themaglin,Flembers,5e39c358d0a20f1df2500baf,659c0eafc425a20ee741aa32,659c0a8fa416f7f903ea0d6a,Themaglin and Flembers are associated.,Themaglin causes Flembers.,41994,0
1079,31,Themaglin causes Agoriv.,Agoriv causes Themaglin.,Themaglin,,symmetric,Graduated College,41089,1704726287591,1704726246502,female,English,Agoriv,Themaglin,62ecfc3df7e7dfa475411e25,659c0ed3d88ff777f5a1ae38,659c0a8fa416f7f903ea0d6a,Agoriv and Themaglin are associated.,Agoriv causes Themaglin.,18600,0
1080,27,Denoden causes Flembers.,Flembers causes Denoden.,Denoden,,symmetric,Higher degree,41247,1704726290526,1704726249279,female,English ,Denoden,Flembers,5efb6ceaf3f69c0bf89d6fec,659c0ee3bf2c64393c714696,659c0a8fa416f7f903ea0d6a,Denoden and Flembers are associated.,Flembers causes Denoden.,13469,0
1081,45,Agoriv causes Flembers.,Flembers causes Agoriv.,Agoriv,,asymmetric,Higher degree,75400,1704726293468,1704726218068,male,English ,Flembers,Agoriv,58bebf658c2fd60001b9767a,659c0e61a8517af6e61d4f7b,659c0a8fa416f7f903ea0d6a,Flembers is associated with Agoriv.,Agoriv causes Flembers.,48942,0
1082,60,Ceflar causes Denoden.,Denoden causes Ceflar.,Ceflar,,asymmetric,Graduated High-school,45159,1704726298004,1704726252845,male,English ,Ceflar,Denoden,5b731044b9daa700013fb269,659c0ee49931fee829fd1655,659c0a8fa416f7f903ea0d6a,Ceflar is associated with Denoden.,Denoden causes Ceflar.,17580,0
1083,34,Ceflar causes Themaglin.,Themaglin causes Ceflar.,Ceflar,,symmetric,Did not graduate High-school,56823,1704726300116,1704726243293,female,English,Ceflar,Themaglin,5ad20ccab438910001ac9b03,659c0edd9931fee829fd1654,659c0a8fa416f7f903ea0d6a,Ceflar and Themaglin are associated.,Themaglin causes Ceflar.,36353,0
1084,44,Flembers causes Agoriv.,Agoriv causes Flembers.,Flembers,,symmetric,Graduated College,50695,1704726297366,1704726246671,female,English,Agoriv,Flembers,5f2ae58f1bb16e412f744560,659c0edee90db3f5f10720c9,659c0a8fa416f7f903ea0d6a,Agoriv and Flembers are associated.,Flembers causes Agoriv.,10704,0
1085,38,Denoden causes Rebosen.,Rebosen causes Denoden.,Denoden,,asymmetric,Higher degree,68664,1704726298774,1704726230110,male,English,Denoden,Rebosen,5ef5c4d6302676029014b815,659c0ecf01836f4a054f0ff5,659c0a8fa416f7f903ea0d6a,Denoden is associated with Rebosen.,Denoden causes Rebosen.,38784,0
1086,40,Flembers causes Rebosen.,Rebosen causes Flembers.,Flembers,,asymmetric,Higher degree,39601,1704726300411,1704726260810,male,English,Flembers,Rebosen,62b5edc0f30897b95f76308b,659c0eee95ca8d2e4b1d4fa1,659c0a8fa416f7f903ea0d6a,Flembers is associated with Rebosen.,Rebosen causes Flembers.,19471,0
1093,31,Denoden causes Agoriv.,Agoriv causes Denoden.,Denoden,,asymmetric,Graduated College,56973,1704726326761,1704726269788,male,English ,Denoden,Agoriv,5d14f846fdfbed0001af2673,659c0ef8f4e6fcd748b5e5a2,659c0a8fa416f7f903ea0d6a,Denoden is associated with Agoriv.,Agoriv causes Denoden.,31377,0
1087,48,Denoden causes Flembers.,Flembers causes Denoden.,Denoden,,asymmetric,Graduated College,44102,1704726310214,1704726266112,female,English ,Flembers,Denoden,5c85423f39b9760017938311,659c0ef1d0df703de71f0842,659c0a8fa416f7f903ea0d6a,Flembers is associated with Denoden.,Denoden causes Flembers.,15570,0
1088,41,Denoden causes Flembers.,Flembers causes Denoden.,Denoden,,symmetric,Higher degree,73007,1704726314007,1704726241000,female,,Denoden,Flembers,59d7748fb656e70001226179,659c0ec5a8517af6e61d4fa1,659c0a8fa416f7f903ea0d6a,Denoden and Flembers are associated.,Flembers causes Denoden.,32561,0
1089,35,Themaglin causes Rebosen.,Rebosen causes Themaglin.,Themaglin,,symmetric,Graduated College,32568,1704726309360,1704726276792,female,English,Themaglin,Rebosen,58c5cb80efb64f000135866a,659c0f02c1eac6aa74ea1bed,659c0a8fa416f7f903ea0d6a,Themaglin and Rebosen are associated.,Themaglin causes Rebosen.,15443,0
1090,34,Themaglin causes Rebosen.,Rebosen causes Themaglin.,Themaglin,,asymmetric,Graduated College,26224,1704726320488,1704726294264,male,English,Rebosen,Themaglin,62aaf99f949a12f1fdb6d3d9,659c0edf589ac76150cc4d72,659c0a8fa416f7f903ea0d6a,Rebosen is associated with Themaglin.,Themaglin causes Rebosen.,11111,0
1091,22,Ceflar causes Rebosen.,Rebosen causes Ceflar.,Ceflar,,symmetric,Graduated College,33018,1704726321088,1704726288070,female,English ,Rebosen,Ceflar,5e054845abec5df963203c48,659c0efa1bc3f38c24290201,659c0a8fa416f7f903ea0d6a,Rebosen and Ceflar are associated.,Rebosen causes Ceflar.,13452,0
1092,25,Denoden causes Ceflar.,Ceflar causes Denoden.,Denoden,,symmetric,Graduated High-school,30098,1704726323395,1704726293297,male,,Denoden,Ceflar,6509a5742b7243add613721c,659c0f0fa220e885c119f2af,659c0a8fa416f7f903ea0d6a,Denoden and Ceflar are associated.,Ceflar causes Denoden.,14096,0
1110,31,Rebosen causes Agoriv.,Agoriv causes Rebosen.,Rebosen,,asymmetric,Graduated College,14221,1704726366878,1704726352657,male,English ,Agoriv,Rebosen,5d14f846fdfbed0001af2673,659c0ef8f4e6fcd748b5e5a2,659c0a8fa416f7f903ea0d6a,Agoriv is associated with Rebosen.,Agoriv causes Rebosen.,3674,0
1094,37,Denoden causes Agoriv.,Agoriv causes Denoden.,Denoden,,asymmetric,Graduated College,40116,1704726327505,1704726287389,female,English,Agoriv,Denoden,5ea7009676be5a09f0a68b21,659c0f0a97b2569031d6a733,659c0a8fa416f7f903ea0d6a,Agoriv is associated with Denoden.,Denoden causes Agoriv.,20160,0
1095,35,Agoriv causes Denoden.,Denoden causes Agoriv.,Agoriv,,asymmetric,Graduated High-school,43796,1704726327395,1704726283599,male,English,Denoden,Agoriv,62b1e4dfa33a3d444584c8b3,659c0f04f0063e8589dc48f9,659c0a8fa416f7f903ea0d6a,Denoden is associated with Agoriv.,Agoriv causes Denoden.,18043,0
1096,61,Rebosen causes Ceflar.,Ceflar causes Rebosen.,Rebosen,,symmetric,Graduated College,62079,1704726336344,1704726274265,female,English,Ceflar,Rebosen,5ea4115637284839f59110e1,659c0ef5bf2c64393c7146a0,659c0a8fa416f7f903ea0d6a,Ceflar and Rebosen are associated.,Ceflar causes Rebosen.,22118,0
1102,29,Agoriv causes Themaglin.,Themaglin causes Agoriv.,Agoriv,,symmetric,Graduated High-school,177063,1704726341051,1704726163988,male,English,Agoriv,Themaglin,62029a06ef1cb18a1337c580,659c0e743a04606489210bf8,659c0a8fa416f7f903ea0d6a,Agoriv and Themaglin are associated.,Themaglin causes Agoriv.,8007,0
1103,54,Agoriv causes Rebosen.,Rebosen causes Agoriv.,Agoriv,,asymmetric,Graduated College,52123,1704726344624,1704726292501,female,English,Agoriv,Rebosen,56a481f18fa806000cee9c2a,659c0f0e665b6c663b7146ab,659c0a8fa416f7f903ea0d6a,Agoriv is associated with Rebosen.,Rebosen causes Agoriv.,29521,0
1104,36,Themaglin causes Ceflar.,Ceflar causes Themaglin.,Themaglin,,asymmetric,Graduated College,31612,1704726368436,1704726336824,female,English,Themaglin,Ceflar,62b33a5e37ff2b46fba512e3,659c0f1c5b7d3544cec654c1,659c0a8fa416f7f903ea0d6a,Themaglin is associated with Ceflar.,Ceflar causes Themaglin.,16322,0
1106,60,Denoden causes Agoriv.,Agoriv causes Denoden.,Denoden,,asymmetric,Higher degree,54144,1704726350646,1704726296502,female,English,Denoden,Agoriv,56b4fd68a9d33a000a891ff9,659c0ef0f28e54987ee34c2c,659c0a8fa416f7f903ea0d6a,Denoden is associated with Agoriv.,Denoden causes Agoriv.,29988,0
1108,63,Denoden causes Themaglin.,Themaglin causes Denoden.,Denoden,,asymmetric,Higher degree,57802,1704726354893,1704726297091,female,English,Denoden,Themaglin,5c72af4a04d7bc00013899b3,659c0f0e95ca8d2e4b1d4fab,659c0a8fa416f7f903ea0d6a,Denoden is associated with Themaglin.,Themaglin causes Denoden.,20887,0
1111,44,Agoriv causes Denoden.,Denoden causes Agoriv.,Agoriv,,asymmetric,Graduated High-school,38967,1704726370762,1704726331795,male,English,Denoden,Agoriv,570d1b455e51560009fe222d,659c0f0504e668e69c4c57f1,659c0a8fa416f7f903ea0d6a,Denoden is associated with Agoriv.,Denoden causes Agoriv.,15494,0
1115,25,Flembers causes Ceflar.,Ceflar causes Flembers.,Flembers,,symmetric,Graduated High-school,246236,1704726520160,1704726273924,female,English ,Ceflar,Flembers,63468b5f68f3c909ae348016,659c0efa0fc567f44b816fda,659c0a8fa416f7f903ea0d6a,Ceflar and Flembers are associated.,Flembers causes Ceflar.,222687,0
1097,26,Flembers causes Agoriv.,Agoriv causes Flembers.,Flembers,,symmetric,Graduated College,32630,1704726333239,1704726300609,male,English,Flembers,Agoriv,5f4a88def5a7bf0a365f142b,659c0f18d9058a6a91a76cbe,659c0a8fa416f7f903ea0d6a,Flembers and Agoriv are associated.,Flembers causes Agoriv.,8327,0
1098,54,Denoden causes Agoriv.,Agoriv causes Denoden.,Denoden,,asymmetric,Higher degree,49915,1704726333555,1704726283640,female,English,Denoden,Agoriv,616047aca593ff6eb34c2bb3,659c0f0595be1faa069c4a70,659c0a8fa416f7f903ea0d6a,Denoden is associated with Agoriv.,Agoriv causes Denoden.,25056,0
1099,34,Ceflar causes Flembers.,Flembers causes Ceflar.,Ceflar,None,symmetric,Graduated College,34427,1704726333731,1704726299304,female,English,Flembers,Ceflar,5ec11bc32098320117b00b57,659c0f11468d5232c441aa5d,659c0a8fa416f7f903ea0d6a,Flembers and Ceflar are associated.,Flembers causes Ceflar.,11134,0
1107,34,Ceflar causes Denoden.,Denoden causes Ceflar.,Ceflar,,asymmetric,Higher degree,51597,1704726355062,1704726303465,male,English,Denoden,Ceflar,55256ccbfdf99b546084e425,659c0f1701c4bba4fc906d22,659c0a8fa416f7f903ea0d6a,Denoden is associated with Ceflar.,Ceflar causes Denoden.,22687,0
1112,59,Flembers causes Ceflar.,Ceflar causes Flembers.,Flembers,n/a,symmetric,Graduated College,66484,1704726380781,1704726314297,male,English,Flembers,Ceflar,5f90632f36d7b010513bc198,659c0f1af4c0ace95d32d600,659c0a8fa416f7f903ea0d6a,Flembers and Ceflar are associated.,Ceflar causes Flembers.,18480,0
1113,59,Rebosen causes Denoden.,Denoden causes Rebosen.,Rebosen,,symmetric,Higher degree,77158,1704726418898,1704726341740,female,,Rebosen,Denoden,5cae418e50fb5500114de744,659c0f17ab8de901335b8d49,659c0a8fa416f7f903ea0d6a,Rebosen and Denoden are associated.,Rebosen causes Denoden.,33449,0
1100,27,Flembers causes Rebosen.,Rebosen causes Flembers.,Flembers,,asymmetric,Graduated High-school,38439,1704726337639,1704726299200,male,English,Flembers,Rebosen,56ac18b8f209e0000adabae0,659c0f1504e668e69c4c57f8,659c0a8fa416f7f903ea0d6a,Flembers is associated with Rebosen.,Rebosen causes Flembers.,17328,0
1109,51,Ceflar causes Flembers.,Flembers causes Ceflar.,Ceflar,,asymmetric,Graduated College,54233,1704726355018,1704726300785,male,English ,Flembers,Ceflar,5ebbc0b64fa5d7198e40eb2b,659c0f1504e668e69c4c57f7,659c0a8fa416f7f903ea0d6a,Flembers is associated with Ceflar.,Ceflar causes Flembers.,16938,0
1101,25,Rebosen causes Denoden.,Denoden causes Rebosen.,Rebosen,,asymmetric,Graduated College,34524,1704726339752,1704726305228,male,English ,Denoden,Rebosen,5fd96a0ca24ce3244a2daa5a,659c0f1b4dd0249b909c4a91,659c0a8fa416f7f903ea0d6a,Denoden is associated with Rebosen.,Rebosen causes Denoden.,16832,0
1105,44,Denoden causes Flembers.,Flembers causes Denoden.,Denoden,,symmetric,Graduated College,49615,1704726347510,1704726297895,female,English,Denoden,Flembers,5f86ebc47c32d005ad582abd,659c0f0eb6512b3a14792520,659c0a8fa416f7f903ea0d6a,Denoden and Flembers are associated.,Flembers causes Denoden.,29040,0
1114,64,Denoden causes Flembers.,Flembers causes Denoden.,Denoden,I couldn't see that the choices were relevant to the statement.  Nevertheless I chose the one I thought most likely.,symmetric,Graduated High-school,140636,1704726440298,1704726299662,female,English,Flembers,Denoden,5932ccd3cf0d9600010e91c3,659c0f164c830d6ce2227596,659c0a8fa416f7f903ea0d6a,Flembers and Denoden are associated.,Flembers causes Denoden.,42995,0
1116,46,Ceflar causes Flembers.,Flembers causes Ceflar.,Ceflar,"I'm not sure if one is more likely than the other but in my mind I associated the word ""flembers"" with embers and ""ceflar"" with flare. Which on thinking about it is a silly way to make a decision but you asked for one or the other.",symmetric,Higher degree,162111,1704726613250,1704726451139,female,English,Ceflar,Flembers,56366e43dc62e50011cb4ca1,659c0f9859b00828dd2b46ce,659c0a8fa416f7f903ea0d6a,Ceflar and Flembers are associated.,Ceflar causes Flembers.,67781,0
1117,33,Ceflar causes Agoriv.,Agoriv causes Ceflar.,Ceflar,,asymmetric,Higher degree,30352,1704726945798,1704726915446,male,United kingdom,Ceflar,Agoriv,5c8e905a40fb570016af2fb6,659c117b01836f4a054f10b5,659c0a8fa416f7f903ea0d6a,Ceflar is associated with Agoriv.,Agoriv causes Ceflar.,13617,0
